{"count":1,"self":64.5540608,"total":65.7385669,"children":{"InitializeActuators":{"count":12,"self":0.002992,"total":0.002992,"children":null},"InitializeSensors":{"count":12,"self":0.0020063,"total":0.013003899999999999,"children":{"CreateObservableSensors":{"count":12,"self":0.0109976,"total":0.0109976,"children":null}}},"CreateObservableSensors":{"count":732,"self":0.081711999999999993,"total":0.081711999999999993,"children":null},"AgentSendState":{"count":2911,"self":0.0370825,"total":0.0741865,"children":{"CollectObservations":{"count":6996,"self":0.0030196999999999997,"total":0.0030196999999999997,"children":null},"WriteActionMask":{"count":6996,"self":0.0050158999999999994,"total":0.0050158999999999994,"children":null},"RequestDecision":{"count":6996,"self":0.029068399999999998,"total":0.029068399999999998,"children":null}}},"DecideAction":{"count":2911,"self":0.7037365,"total":0.7037365,"children":null},"AgentAct":{"count":2911,"self":0.30787559999999997,"total":0.30787559999999997,"children":null}},"gauges":{"3DBallHard.CumulativeReward":{"count":15,"max":8.199999,"min":1.1,"runningAverage":2.65333247,"value":3.19999838,"weightedAverage":2.72970366}},"metadata":{"timer_format_version":"0.1.0","start_time_seconds":"1700125089","unity_version":"2022.3.10f1","command_line_arguments":"D:\\Unity\\Hub\\Editor\\2022.3.10f1\\Editor\\Unity.exe -projectPath D:\\Unity_ML_Agents\\TestPr","communication_protocol_version":"1.5.0","com.unity.ml-agents_version":"3.0.0-exp.1","scene_name":"3DBallHard","end_time_seconds":"1700125154"}}