{"count":1,"self":23.683732799999998,"total":25.0042731,"children":{"InitializeActuators":{"count":32,"self":0.0029988999999999997,"total":0.0029988999999999997,"children":null},"InitializeSensors":{"count":32,"self":0.0049990999999999994,"total":0.0049990999999999994,"children":null},"AgentSendState":{"count":949,"self":0.43232149999999997,"total":0.466313,"children":{"CollectObservations":{"count":6080,"self":0,"total":0,"children":null},"WriteActionMask":{"count":6080,"self":0.0030058999999999997,"total":0.0030058999999999997,"children":null},"RequestDecision":{"count":6080,"self":0.0309856,"total":0.0309856,"children":null}}},"DecideAction":{"count":949,"self":0.62815749999999992,"total":0.65931739999999994,"children":{"RayPerceptionSensor.Perceive":{"count":12160,"self":0.031159899999999997,"total":0.031159899999999997,"children":null}}},"AgentAct":{"count":949,"self":0.1849036,"total":0.1849036,"children":null}},"gauges":{"PushBlock.CumulativeReward":{"count":341,"max":4.9964,"min":4.9376,"runningAverage":4.98413754,"value":4.9792,"weightedAverage":4.98564625}},"metadata":{"timer_format_version":"0.1.0","start_time_seconds":"1700124696","unity_version":"2022.3.10f1","command_line_arguments":"D:\\Unity\\Hub\\Editor\\2022.3.10f1\\Editor\\Unity.exe -projectPath D:\\Unity_ML_Agents\\TestPr","communication_protocol_version":"1.5.0","com.unity.ml-agents_version":"3.0.0-exp.1","scene_name":"PushBlock","end_time_seconds":"1700124720"}}